u,v,channel_capacity_sat,unweighted_betweenness,fee_weighted_betweenness,baseline_usage,unweighted_betweenness_norm,fee_weighted_betweenness_norm,baseline_usage_norm,hybrid_score
03bb88ccc444534da7b5b64b4f7b15e1eccb18e102db0e400d4b9cfe93763aa26d,03ee180e8ee07f1f9c9987d98b5d5decf6bad7d058bdd8be3ad97c8e0dd2cdc7ba,4000000,0.0002011140216574804,0.02005064853523076,173,0.03587569736615199,0.7212394948872185,1.0,0.8606197474436093
02ad6fb8d693dc1e4569bcedefadf5f72a931ae027dc0f0c544b34c1c6f3b9a02b,03ee180e8ee07f1f9c9987d98b5d5decf6bad7d058bdd8be3ad97c8e0dd2cdc7ba,2000000,0.00042857083936729667,0.025285599996542594,105,0.0764505508188021,0.9095453115834464,0.6069364161849711,0.7582408638842087
02ad6fb8d693dc1e4569bcedefadf5f72a931ae027dc0f0c544b34c1c6f3b9a02b,0331f80652fb840239df8dc99205792bba2e559a05469915804c08420230e23c7c,306943,0.005605856789482997,0.027800264235898667,38,1.0,1.0,0.21965317919075145,0.6098265895953757
0331f80652fb840239df8dc99205792bba2e559a05469915804c08420230e23c7c,03bb88ccc444534da7b5b64b4f7b15e1eccb18e102db0e400d4b9cfe93763aa26d,2000000,0.0023898370885403718,0.011785453755138595,73,0.42631076359708,0.42393315599928577,0.42196531791907516,0.42294923695918046
0217890e3aad8d35bc054f43acc00084b25229ecff0ab68debd82883ad65ee8266,03bb88ccc444534da7b5b64b4f7b15e1eccb18e102db0e400d4b9cfe93763aa26d,2678683,0.0014676451644755136,0.008493446505199388,88,0.26180568280462047,0.30551675455774063,0.5086705202312138,0.40709363739447724
