u,v,rank,edge_betweenness
02ad6fb8d693dc1e4569bcedefadf5f72a931ae027dc0f0c544b34c1c6f3b9a02b,0331f80652fb840239df8dc99205792bba2e559a05469915804c08420230e23c7c,1,0.008491339176859916
032b2b3f4abda9677bb9563e226c068d3a2456fb8b036635a81c9bcaa1671d1ada,0331f80652fb840239df8dc99205792bba2e559a05469915804c08420230e23c7c,2,0.004778547707123137
0331f80652fb840239df8dc99205792bba2e559a05469915804c08420230e23c7c,03864ef025fde8fb587d989186ce6a4a186895ee44a926bfc370e2c366597a3f8f,3,0.004504603038472986
0217890e3aad8d35bc054f43acc00084b25229ecff0ab68debd82883ad65ee8266,02ad6fb8d693dc1e4569bcedefadf5f72a931ae027dc0f0c544b34c1c6f3b9a02b,4,0.0044047952120045315
0279c22ed7a068d10dc1a38ae66d2d6461e269226c60258c021b1ddcdfe4b00bc4,0331f80652fb840239df8dc99205792bba2e559a05469915804c08420230e23c7c,5,0.004262278177465648
